{
  "camera0": {
    "camera_index": 0,
    "image_width": 640,
    "image_height": 480,
    "camera_matrix": [
      [
        564.1923856334857,
        0.0,
        337.31883764627867
      ],
      [
        0.0,
        566.1506688162415,
        252.61258486750168
      ],
      [
        0.0,
        0.0,
        1.0
      ]
    ],
    "dist_coeffs": [
      0.13091498478604507,
      -0.13852490676800308,
      -0.0015309446412940199,
      -0.002466196393614896,
      0.011432832772396059
    ],
    "reprojection_error": 0.16349718844420782,
    "num_samples": 32,
    "board_key": "DICT_5X5_250_7x5_sq30mm_mk22mm"
  },
  "camera0@1280x720": {
    "camera_index": 0,
    "image_width": 1280,
    "image_height": 720,
    "camera_matrix": [
      [
        845.7733919102636,
        0.0,
        674.216498019905
      ],
      [
        0.0,
        848.5101204875904,
        381.4814241125134
      ],
      [
        0.0,
        0.0,
        1.0
      ]
    ],
    "dist_coeffs": [
      0.1220385544996295,
      -0.15901745669854472,
      -0.0009514438936639927,
      0.0031985544565307734,
      0.06055870484051664
    ],
    "reprojection_error": 0.20916970645570038,
    "num_samples": 34,
    "board_key": "DICT_5X5_250_7x5_sq30mm_mk22mm"
  },
  "camera0@1920x1080": {
    "camera_index": 0,
    "image_width": 1920,
    "image_height": 1080,
    "camera_matrix": [
      [
        1275.8343775184364,
        0.0,
        1011.3663784870972
      ],
      [
        0.0,
        1280.8050086400642,
        567.7555188828711
      ],
      [
        0.0,
        0.0,
        1.0
      ]
    ],
    "dist_coeffs": [
      0.14432609245340405,
      -0.21655393313164809,
      -0.0018799445130338553,
      0.0022110133911897338,
      0.11407412984655296
    ],
    "reprojection_error": 0.2859651269182448,
    "num_samples": 35,
    "board_key": "DICT_5X5_250_7x5_sq30mm_mk22mm"
  },
  "camera0@3840x2160": {
    "camera_index": 0,
    "image_width": 3840,
    "image_height": 2160,
    "camera_matrix": [
      [
        6343.2237271562,
        0.0,
        2061.4308721306147
      ],
      [
        0.0,
        6333.705314207408,
        1070.1696216159926
      ],
      [
        0.0,
        0.0,
        1.0
      ]
    ],
    "dist_coeffs": [
      -0.18505460607125737,
      3.5533391264940057,
      0.008085218685925254,
      0.007512585359324863,
      -26.39423541392868
    ],
    "reprojection_error": 1.6840506293053648,
    "num_samples": 16,
    "board_key": "DICT_5X5_250_7x5_sq30mm_mk22mm"
  }
}